SET
FOREIGN_KEY_CHECKS=0;
TRUNCATE TABLE order_item;
TRUNCATE TABLE orders;
TRUNCATE TABLE item;
TRUNCATE TABLE user;
SET
FOREIGN_KEY_CHECKS=1;

INSERT INTO user (user_id, user_name, user_age, user_email, user_address, user_phone_number)
VALUES (1, '홍길동', 30, 'hong@example.com', '서울시 강남구', '010-1234-5678'),
       (2, '김철수', 25, 'kim@example.com', '서울시 서초구', '010-5678-1234'),
       (3, '이영희', 28, 'lee@example.com', '서울시 송파구', '010-2345-6789'),
       (4, '박민수', 35, 'park@example.com', '서울시 마포구', '010-8765-4321'),
       (5, '최지연', 27, 'choi@example.com', '서울시 성동구', '010-3456-7890'),
       (6, '윤서준', 32, 'yoon@example.com', '서울시 광진구', '010-9876-5432'),
       (7, '장혜진', 24, 'jang@example.com', '서울시 노원구', '010-1111-2222'),
       (8, '손우진', 40, 'son@example.com', '서울시 도봉구', '010-3333-4444'),
       (9, '강다연', 29, 'kang@example.com', '서울시 강북구', '010-5555-6666'),
       (10, '조윤아', 31, 'jo@example.com', '서울시 동대문구', '010-7777-8888');

INSERT INTO item (item_id, item_name, item_price, item_stock, item_description)
VALUES (1, '노트북', 1500000, 10, '고성능 게이밍 노트북'),
       (2, '무선 마우스', 50000, 50, '블루투스 무선 마우스'),
       (3, '기계식 키보드', 120000, 30, 'RGB LED 기계식 키보드'),
       (4, '스마트폰', 1000000, 20, '최신형 스마트폰'),
       (5, '모니터', 300000, 15, '32인치 4K 모니터'),
       (6, '외장하드', 150000, 25, '2TB 외장하드'),
       (7, 'USB 메모리', 30000, 100, '128GB USB 메모리'),
       (8, '스피커', 200000, 20, '블루투스 스피커'),
       (9, '헤드셋', 180000, 18, '게이밍 헤드셋'),
       (10, '웹캠', 80000, 35, '1080P 웹캠'),
       (11, '책상', 500000, 8, '고급 원목 책상'),
       (12, '의자', 250000, 12, '인체공학적 게이밍 의자'),
       (13, '프린터', 350000, 10, '무선 컬러 프린터'),
       (14, '커피머신', 450000, 5, '가정용 커피머신'),
       (15, '청소기', 400000, 7, '로봇 청소기'),
       (16, '무선 이어폰', 250000, 25, '노이즈 캔슬링 무선 이어폰'),
       (17, '태블릿', 900000, 18, '최신형 태블릿'),
       (18, '라우터', 100000, 20, '고속 Wi-Fi 라우터'),
       (19, '손목시계', 300000, 15, '스마트 워치'),
       (20, '전동 킥보드', 800000, 10, '도심형 전동 킥보드');

INSERT INTO orders (order_id, order_uuid, user_id, order_price, order_address)
VALUES (1, UUID_TO_BIN(UUID()), 1, 1600000, '서울시 강남구 역삼동 123-45'),
       (2, UUID_TO_BIN(UUID()), 2, 180000, '서울시 서초구 서초동 678-90'),
       (3, UUID_TO_BIN(UUID()), 3, 250000, '서울시 송파구 오금동 456-78'),
       (4, UUID_TO_BIN(UUID()), 4, 350000, '서울시 마포구 합정동 789-12'),
       (5, UUID_TO_BIN(UUID()), 5, 200000, '서울시 성동구 성수동 111-22'),
       (6, UUID_TO_BIN(UUID()), 6, 1200000, '서울시 광진구 화양동 333-44'),
       (7, UUID_TO_BIN(UUID()), 7, 700000, '서울시 노원구 상계동 555-66'),
       (8, UUID_TO_BIN(UUID()), 8, 900000, '서울시 도봉구 쌍문동 777-88'),
       (9, UUID_TO_BIN(UUID()), 9, 150000, '서울시 강북구 미아동 999-00'),
       (10, UUID_TO_BIN(UUID()), 10, 220000, '서울시 동대문구 휘경동 222-33'),
       (11, UUID_TO_BIN(UUID()), 1, 180000, '서울시 강남구 삼성동 444-55'),
       (12, UUID_TO_BIN(UUID()), 2, 320000, '서울시 서초구 방배동 666-77'),
       (13, UUID_TO_BIN(UUID()), 3, 430000, '서울시 송파구 잠실동 888-99'),
       (14, UUID_TO_BIN(UUID()), 4, 250000, '서울시 마포구 공덕동 111-44'),
       (15, UUID_TO_BIN(UUID()), 5, 190000, '서울시 성동구 금호동 222-55'),
       (16, UUID_TO_BIN(UUID()), 6, 1100000, '서울시 광진구 자양동 333-66'),
       (17, UUID_TO_BIN(UUID()), 7, 750000, '서울시 노원구 하계동 444-77'),
       (18, UUID_TO_BIN(UUID()), 8, 800000, '서울시 도봉구 창동 555-88'),
       (19, UUID_TO_BIN(UUID()), 9, 130000, '서울시 강북구 번동 666-99'),
       (20, UUID_TO_BIN(UUID()), 10, 270000, '서울시 동대문구 장안동 777-00'),
       (21, UUID_TO_BIN(UUID()), 1, 1750000, '서울시 강남구 개포동 888-11'),
       (22, UUID_TO_BIN(UUID()), 2, 350000, '서울시 서초구 양재동 999-22'),
       (23, UUID_TO_BIN(UUID()), 3, 470000, '서울시 송파구 문정동 111-33'),
       (24, UUID_TO_BIN(UUID()), 4, 290000, '서울시 마포구 대흥동 222-44'),
       (25, UUID_TO_BIN(UUID()), 5, 140000, '서울시 성동구 행당동 333-55'),
       (26, UUID_TO_BIN(UUID()), 6, 980000, '서울시 광진구 군자동 444-66'),
       (27, UUID_TO_BIN(UUID()), 7, 620000, '서울시 노원구 월계동 555-77'),
       (28, UUID_TO_BIN(UUID()), 8, 870000, '서울시 도봉구 방학동 666-88'),
       (29, UUID_TO_BIN(UUID()), 9, 120000, '서울시 강북구 수유동 777-99'),
       (30, UUID_TO_BIN(UUID()), 10, 300000, '서울시 동대문구 제기동 888-00');

INSERT INTO order_item (order_item_id, order_id, item_id, quantity)
VALUES (1, 1, 1, 1),
       (2, 1, 2, 2),
       (3, 2, 3, 1),
       (4, 2, 4, 1),
       (5, 3, 5, 1),
       (6, 3, 6, 1),
       (7, 4, 7, 1),
       (8, 4, 8, 1),
       (9, 5, 9, 1),
       (10, 5, 10, 1),
       (11, 6, 11, 1),
       (12, 6, 12, 1),
       (13, 7, 13, 1),
       (14, 7, 14, 1),
       (15, 8, 15, 1),
       (16, 8, 16, 1),
       (17, 9, 17, 1),
       (18, 9, 18, 1),
       (19, 10, 19, 1),
       (20, 10, 20, 1),
       (21, 11, 1, 1),
       (22, 11, 2, 1),
       (23, 12, 3, 1),
       (24, 12, 4, 1),
       (25, 13, 5, 1),
       (26, 13, 6, 1),
       (27, 14, 7, 1),
       (28, 14, 8, 1),
       (29, 15, 9, 1),
       (30, 15, 10, 1),
       (31, 16, 11, 1),
       (32, 16, 12, 1),
       (33, 17, 13, 1),
       (34, 17, 14, 1),
       (35, 18, 15, 1),
       (36, 18, 16, 1),
       (37, 19, 17, 1),
       (38, 19, 18, 1),
       (39, 20, 19, 1),
       (40, 20, 20, 1),
       (41, 21, 1, 1),
       (42, 21, 2, 1),
       (43, 22, 3, 1),
       (44, 22, 4, 1),
       (45, 23, 5, 1),
       (46, 23, 6, 1),
       (47, 24, 7, 1),
       (48, 24, 8, 1),
       (49, 25, 9, 1),
       (50, 25, 10, 1),
       (51, 26, 11, 1),
       (52, 26, 12, 1),
       (53, 27, 13, 1),
       (54, 27, 14, 1),
       (55, 28, 15, 1),
       (56, 28, 16, 1),
       (57, 29, 17, 1),
       (58, 29, 18, 1),
       (59, 30, 19, 1),
       (60, 30, 20, 1);